Tree ID,Type,Zone
s1,Musan King,A
t1,Musan King,A
u6,Musan King,A
w6,Musan King,A
q2,Musan King,A
r2,Musan King,A
s2,Musan King,A
t2,Musan King,A
q3,Musan King,A
r3,Musan King,A
s3,Musan King,A
t3,Musan King,A
q4,Musan King,A
r4,Musan King,A
s4,Musan King,A
t4,Musan King,A
q5,Musan King,A
r5,Musan King,A
s5,Musan King,A
t5,Musan King,A
q6,Musan King,A
r6,Musan King,A
s6,Musan King,A
t6,Musan King,A
q7,Mhon Thong,A
r7,Mhon Thong,A
s7,Mhon Thong,A
t7,Mhon Thong,A
u7,Mhon Thong,A
w7,Mhon Thong,A
q8,Mhon Thong,A
r8,Mhon Thong,A
s8,Mhon Thong,A
t8,Mhon Thong,A
u8,Mhon Thong,A
w8,Mhon Thong,A
q9,Mhon Thong,A
r9,Mhon Thong,A
s9,Mhon Thong,A
t9,Mhon Thong,A
u9,Mhon Thong,A
w9,Mhon Thong,A
q10,Mhon Thong,A
r10,Mhon Thong,A
s10,Mhon Thong,A
t10,Mhon Thong,A
u10,Mhon Thong,A
w10,Mhon Thong,A
q11,Mhon Thong,A
r11,Mhon Thong,A
s11,Mhon Thong,A
t11,Mhon Thong,A
u11,Mhon Thong,A
w11,Mhon Thong,A
s12,Mhon Thong,A
t12,Mhon Thong,A
u12,Mhon Thong,A
w12,Mhon Thong,A
s13,Mhon Thong,A
t13,Mhon Thong,A
u13,Mhon Thong,A
w13,Mhon Thong,A
s14,Musan King,A
t14,Musan King,A
u14,Musan King,A
w14,Musan King,A
s15,Musan King,A
t15,Musan King,A
u15,Musan King,A
w15,Musan King,A
s16,Musan King,A
t16,Musan King,A
u16,Musan King,A
w16,Musan King,A
s17,Musan King,A
t17,Musan King,A
u17,Musan King,A
w17,Musan King,A
s18,Musan King,A
t18,Musan King,A
u18,Musan King,A
w18,Musan King,A
s19,Musan King,A
t19,Musan King,A
u19,Musan King,A
w19,Musan King,A
a2,Mhon Thong,B
b2,Mhon Thong,B
c2,Mhon Thong,B
d2,Mhon Thong,B
e2,Mhon Thong,B
f2,Mhon Thong,B
g2,Mhon Thong,B
a3,Mhon Thong,B
b3,Mhon Thong,B
c3,Mhon Thong,B
d3,Mhon Thong,B
e3,Mhon Thong,B
f3,Mhon Thong,B
g3,Mhon Thong,B
a4,Mhon Thong,B
b4,Mhon Thong,B
c4,Mhon Thong,B
d4,Mhon Thong,B
e4,Mhon Thong,B
f4,Mhon Thong,B
g4,Mhon Thong,B
a5,Mhon Thong,B
b5,Mhon Thong,B
c5,Mhon Thong,B
d5,Mhon Thong,B
e5,Mhon Thong,B
f5,Mhon Thong,B
g5,Mhon Thong,B
a7,Mhon Thong,B
b7,Mhon Thong,B
c7,Mhon Thong,B
d7,Mhon Thong,B
e7,Mhon Thong,B
f7,Mhon Thong,B
g7,Mhon Thong,B
a8,Mhon Thong,B
b8,Mhon Thong,B
c8,Mhon Thong,B
d8,Mhon Thong,B
e8,Mhon Thong,B
f8,Mhon Thong,B
g8,Mhon Thong,B
a5,Mhon Thong,B
b5,Mhon Thong,B
c5,Mhon Thong,B
d5,Mhon Thong,B
e5,Mhon Thong,B
f5,Mhon Thong,B
e1,Mhon Thong,B
f1,Mhon Thong,B
u13,Mhon Thong,F
w13,Mhon Thong,F
u14,Mhon Thong,F
w14,Mhon Thong,F
u15,Mhon Thong,F
w15,Mhon Thong,F
s16,Mhon Thong,F
t16,Mhon Thong,F
u16,Mhon Thong,F
w16,Mhon Thong,F
s17,Mhon Thong,F
t17,Mhon Thong,F
u17,Mhon Thong,F
w17,Mhon Thong,F
s18,Mhon Thong,F
t18,Mhon Thong,F
u18,Mhon Thong,F
w18,Mhon Thong,F
s19,Mhon Thong,F
t19,Mhon Thong,F
u19,Mhon Thong,F
w19,Mhon Thong,F
s20,Mhon Thong,F
t20,Mhon Thong,F
u20,Mhon Thong,F
w20,Mhon Thong,F
